,tv,radio,social_media,sales
0,21854.31,5332.39,2046.82,85184.29
1,47782.14,11754.22,1987.92,168141.77
2,37939.73,17713.03,4625.02,149536.94
3,31939.63,15180.05,1998.18,105928.5
4,12020.84,16518.1,2087.8,74003.01
5,12019.75,13858.1,4037.59,61477.7
6,7613.76,14460.98,2798.96,42239.46
7,43977.93,17285.52,4106.84,161349.37
8,32050.18,6494.02,1261.46,88759.95
9,36863.27,10809.65,2950.28,132365.95
10,5926.3,5981.77,1134.45,17025.06
11,48645.94,19778.02,1250.61,162703.45
12,42459.92,18993.07,4625.75,142958.65
13,14555.26,2709.68,1556.98,59635.67
14,13182.12,14700.35,3129.68,56869.09
15,13253.2,18654.47,2644.38,84400.77
16,18690.9,5250.36,2389.37,59784.91
17,28614.04,12223.01,4599.33,89402.72
18,24437.53,18478.79,1087.29,90409.18
19,18105.31,2611.03,3655.16,72418.17
20,32533.38,14553.56,4853.58,120298.29
21,11277.22,7352.28,3240.67,40997.54
22,18146.51,18639.13,4747.29,86372.05
23,21486.28,19479.05,1209.03,99299.76
24,25523.15,18996.8,2675.17,117576.22
25,40332.92,10535.86,2040.63,152307.86
26,13985.32,17516.77,3923.28,66595.07
27,28140.55,17201.89,4925.19,99426.6
28,31658.66,7743.81,2026.12,103470.1
29,7090.27,16920.48,3616.7,51062.69
30,32339.52,2666.14,1792.39,92276.38
31,12673.59,12732.86,3261.32,49179.21
32,7927.32,6140.16,2855.73,37857.94
33,47699.85,4170.2,4888.02,151312.34
34,48453.44,3385.16,3434.11,152483.08
35,41377.88,14533.2,2398.03,139547.5
36,18707.62,8117.75,1456.38,66723.67
37,9395.25,15045.8,1604.99,42314.61
38,35790.49,3176.41,1901.27,121988.7
39,24806.86,7675.23,2003.87,97287.85
40,10491.72,11710.84,4402.46,32780.77
41,27282.96,16233.02,3244.89,98525.75
42,6547.48,7737.55,3093.56,17830.25
43,45919.42,13266.04,1459.08,151886.62
44,16645.1,17947.6,4440.56,78242.6
45,34813.5,13085.54,3891.26,111517.99
46,19027.0,6193.27,1270.67,57787.64
47,28403.06,2439.21,3831.34,80744.09
48,29601.96,17661.78,3174.15,118958.3
49,13318.45,2382.85,1326.9,44886.52
50,48631.31,17744.63,2833.2,166710.1
51,39880.98,11520.87,2938.79,140161.85
52,47277.45,18903.22,1663.1,165551.93
53,45267.23,16378.1,4782.79,160043.68
54,31905.5,19962.81,4399.9,144595.19
55,46484.34,8312.81,3676.09,167164.89
56,8982.16,15809.39,2849.18,39089.34
57,13819.23,9234.76,2647.06,64930.68
58,7035.23,10637.76,3603.89,46978.24
59,19639.86,13295.1,3181.73,68970.46
60,22490.48,17726.19,1249.09,102873.05
61,17210.71,19713.5,3050.01,98106.7
62,42293.19,15828.92,4225.61,141510.31
63,21053.9,9519.8,2836.96,69684.85
64,17642.05,9584.43,1207.83,78083.32
65,29421.32,15276.48,4145.11,115966.19
66,11341.59,6297.99,1805.46,49889.25
67,41098.86,3988.53,2034.48,133702.51
68,8354.78,8383.2,1658.83,42375.51
69,49409.91,7170.3,2320.86,146880.89
70,39751.01,7333.55,4027.01,142740.04
71,13942.21,6204.94,3077.54,64368.71
72,5248.5,2757.68,1819.53,18497.88
73,41695.76,2321.73,4511.32,130390.77
74,36808.58,19779.0,4518.33,127042.33
75,37805.32,9699.92,4482.31,135349.54
76,39707.17,8917.88,1955.18,139196.49
77,8332.01,14233.65,2804.96,47127.07
78,21130.96,5928.57,4939.96,85999.25
79,10214.11,19099.3,4088.05,57994.53
80,43839.65,16154.21,1108.67,161950.66
81,33048.42,3609.4,1260.82,94993.13
82,19890.41,9516.45,2855.73,75138.25
83,7860.13,17824.13,4636.88,50891.48
84,18994.2,19005.18,3154.81,89320.85
85,19633.25,10413.23,2991.25,72319.95
86,37832.28,13041.41,1421.89,132455.17
87,33690.09,5006.61,3627.12,118654.22
88,44924.57,19841.04,4288.41,162311.83
89,26249.67,6170.09,2521.68,73199.21
90,10381.74,18969.17,4102.45,79146.04
91,37096.02,13693.64,4857.91,148072.02
92,39235.33,12939.26,1815.07,125099.79
93,30257.47,11228.39,3093.32,116058.73
94,39693.52,6152.06,2148.55,124353.18
95,27220.8,5177.5,4171.42,94149.23
96,28522.98,5968.75,3310.37,99119.49
97,24239.35,5355.89,3538.33,80176.97
98,6143.86,16032.52,4191.66,36738.53
99,9855.11,8302.25,2583.88,36405.23
100,6414.31,3041.17,4660.36,16972.95
101,33638.47,19443.85,3132.12,123329.02
102,19146.02,17908.15,1631.82,84444.41
103,27885.68,18699.54,3783.6,106440.55
104,45840.49,19908.34,4173.05,176291.03
105,16218.15,5130.11,2267.05,72355.6
106,23467.23,9132.36,4428.72,80514.06
107,38999.8,15648.29,4624.57,145178.17
108,15295.92,14528.37,2107.62,73730.98
109,8464.1,4770.13,4934.09,39734.56
110,18038.82,16685.0,1562.85,80684.94
111,12254.96,6039.93,1808.06,54155.63
112,46836.39,6028.72,1736.9,155243.19
113,41365.42,11665.54,4575.96,131505.93
114,33503.17,12672.92,3617.17,130019.04
115,44215.73,12441.55,1608.42,160986.63
116,41165.24,3646.76,2761.29,122713.64
117,13395.65,17794.3,3461.19,68988.37
118,45165.15,6780.8,1333.86,153166.87
119,29270.4,4331.27,4529.67,94479.8
120,41334.81,17997.47,4214.41,163837.62
121,45324.11,19201.73,3020.83,189924.06
122,19310.16,17518.3,4868.51,78782.32
123,9952.34,16571.29,2671.04,42239.03
124,15257.08,13794.36,4936.44,71969.19
125,24219.85,11915.43,3671.68,99584.16
126,41810.66,3565.76,3538.69,130241.3
127,43732.88,9352.16,1663.82,160591.4
128,5312.85,8708.39,4527.71,17878.93
129,27983.63,6675.57,2709.96,102248.41
130,23783.5,15021.56,1648.93,88648.7
131,14994.85,10925.76,1050.43,79092.18
132,10393.94,3458.83,3239.02,57914.73
133,20192.68,5963.3,3109.6,63411.22
134,47430.94,14298.66,3877.41,160183.94
135,19544.13,3370.36,4561.03,74564.32
136,28345.58,17321.72,1317.63,107806.83
137,36635.85,10912.64,3925.99,127785.39
138,21363.33,10650.56,1749.65,81194.54
139,48730.19,12663.34,4432.71,148205.2
140,48310.13,16844.26,4276.25,172196.53
141,16330.2,8260.57,3163.18,56065.77
142,27376.18,14204.29,3840.97,100424.23
143,18539.52,12183.18,2257.4,89458.35
144,17817.82,6806.51,2884.67,52540.49
145,6659.91,17815.34,4286.55,56978.07
146,32430.4,16353.67,2837.06,120450.61
147,27620.56,13852.13,2431.19,102057.87
148,7316.54,17310.47,2976.85,57307.47
149,17539.09,17611.3,4313.0,84591.23
150,45871.96,14750.53,2340.83,166618.22
151,15780.29,17066.24,1695.05,83469.6
152,11520.27,14554.49,3848.06,55003.49
153,27025.37,14242.53,4303.91,98469.49
154,49354.27,13135.0,1402.55,157615.08
155,15892.49,15548.9,1959.5,63726.46
156,35246.1,4854.89,1567.89,143295.52
157,39272.88,17855.67,2391.77,158244.83
158,15693.69,17693.18,2801.4,61510.8
159,37769.74,2526.45,3995.31,105871.97
160,21550.24,16864.7,3604.59,96568.73
161,33453.76,4319.66,3483.71,114055.27
162,33508.84,8032.14,2409.5,119268.32
163,29109.86,15383.15,4365.79,110037.64
164,9063.04,4893.68,2885.15,34717.67
165,42588.61,16723.41,4916.42,158587.95
166,19435.1,16978.42,3536.57,86400.15
167,13393.33,11134.42,1505.06,35441.15
168,6834.88,2114.95,3704.71,23231.42
169,31590.18,7166.69,2300.42,98156.72
170,35490.4,13104.68,3745.31,129752.99
171,5746.45,19661.35,1278.56,77223.25
172,28044.19,13372.64,1699.53,108716.11
173,15192.31,6676.46,4422.95,54667.8
174,34032.78,13412.1,1908.72,132388.87
175,12846.49,11719.74,4348.16,63120.04
176,36092.2,16037.22,2117.1,137591.92
177,22403.09,3925.65,3571.53,80952.02
178,47152.85,15698.5,3776.6,187460.04
179,11188.44,11742.8,3050.62,41395.95
180,20347.99,19333.86,2221.24,95891.7
181,10106.31,8153.7,1850.58,34210.96
182,46611.21,13387.19,1132.76,166035.92
183,44480.27,18776.51,2215.79,153526.6
184,16607.37,3845.18,3612.65,53222.54
185,34699.28,18870.11,4753.22,131828.72
186,41775.0,14381.94,4484.82,158898.49
187,29984.04,3221.07,4064.26,106000.4
188,28834.28,7417.34,4153.79,87248.57
189,15883.35,14747.1,3659.94,72150.01
190,9189.62,3212.31,2041.15,26312.1
191,45374.71,12479.07,4628.78,144572.08
192,45518.81,8225.9,3682.93,148566.57
193,33489.57,13176.48,3241.76,118769.48
194,20256.34,2823.36,1443.96,89993.2
195,20714.43,17687.66,2788.22,94398.49
196,37668.01,19522.8,2841.43,129932.77
197,45369.96,19439.8,4458.25,161850.96
198,44918.89,15493.73,3186.59,169804.39
199,40094.4,4341.55,2521.6,148940.75
200,33891.42,15648.74,4907.2,111741.14
201,8786.3,2442.56,1442.88,11944.94
202,12273.29,2398.22,2690.19,60471.95
203,45434.94,7824.98,1168.1,152522.48
204,32289.31,10795.58,3959.62,106358.18
205,5413.87,15867.33,4672.31,47725.05
206,9566.22,14299.32,2120.15,24850.24
207,34857.58,10026.25,4433.37,121862.56
208,5227.77,6925.28,2168.87,30433.88
209,12236.36,19948.24,4643.08,78195.68
210,29693.02,9671.26,4015.85,95454.92
211,36135.28,10124.97,4219.63,126559.98
212,34338.26,4945.23,1072.03,101714.39
213,15092.12,16306.57,4851.24,74715.67
214,37048.06,14486.28,3906.68,125873.48
215,15676.21,5973.85,2219.0,53017.9
216,19642.99,3482.86,4317.58,56353.9
217,38592.11,14248.99,2126.08,144724.22
218,34233.48,13781.2,4491.02,134202.26
219,43215.05,6918.67,1450.32,138402.11
220,34592.58,19115.54,3814.74,134740.8
221,30573.89,4719.04,3162.79,85895.71
222,9215.36,9782.03,1386.14,40015.43
223,21547.21,18985.09,1967.58,93601.01
224,16934.11,9555.09,1049.62,91867.71
225,15979.53,13493.47,2875.07,58496.66
226,48785.47,9156.7,2205.06,175835.76
227,22689.4,6935.87,3393.43,90137.31
228,45142.09,19711.6,2188.95,168894.51
229,33401.24,9368.01,2199.68,132941.78
230,40766.51,18093.79,3972.77,155147.65
231,27618.67,6139.18,1192.57,96552.66
232,30960.67,5835.88,4611.58,103410.41
233,27163.3,2560.41,4409.06,99770.73
234,13785.93,13730.0,3671.22,74753.09
235,37510.35,8633.47,3372.89,120910.93
236,17634.76,17558.45,4569.21,68334.09
237,6094.22,10517.78,1741.32,32900.18
238,34046.25,19427.48,1315.88,123937.52
239,12969.98,5339.46,1958.04,47262.9
240,47320.64,17635.22,4178.31,182878.29
241,47926.79,15978.74,1138.68,163744.8
242,46168.9,15876.59,3331.23,163558.97
243,21657.14,17206.1,4981.75,93851.67
244,5695.55,15698.43,4422.78,51329.99
245,46774.34,13271.97,3085.78,139304.97
246,24268.29,4362.41,1254.56,73908.76
247,48499.47,2585.47,4325.49,153652.2
248,48362.9,18575.26,3395.91,186650.33
249,43385.43,13099.71,1459.73,145616.7
250,18250.2,16337.67,1375.43,61179.29
251,22329.4,10667.4,4638.51,91505.67
252,43301.15,4111.55,3676.8,131555.55
253,19261.49,4253.34,4317.15,54426.39
254,12627.17,14340.18,4515.92,55406.29
255,30056.06,9745.51,3287.09,104584.74
256,47126.96,5609.45,3069.79,145282.5
257,36321.34,10848.7,2721.71,104542.26
258,30652.75,3155.76,2267.79,106796.45
259,9372.94,12475.49,2738.38,60950.0
260,32675.33,6841.88,4095.52,116851.79
261,49552.42,16356.06,3407.69,163518.34
262,11303.78,7586.52,4570.09,45561.25
263,28324.83,10193.96,2773.52,101586.98
264,44481.79,2209.17,3428.36,144461.25
265,38334.59,3304.04,3525.23,128405.85
266,36365.71,9064.88,3366.79,117036.11
267,36611.78,10638.9,3810.54,128518.92
268,21177.1,12800.37,1949.73,88279.52
269,18211.63,7249.93,3049.46,81592.74
270,41421.25,14509.67,1416.9,153781.77
271,41455.1,17482.2,2538.05,159748.19
272,44018.25,16037.32,2950.67,158424.33
273,46095.82,2713.14,3608.9,158266.21
274,28010.41,10649.13,4802.12,106503.61
275,27568.23,3888.74,3402.6,81628.22
276,40923.28,6356.81,3974.38,148325.94
277,34248.38,19759.93,3025.06,140876.6
278,36588.51,4564.92,3536.42,113950.68
279,40810.67,10979.99,1283.73,134748.93
280,45050.24,13126.8,2017.57,158815.46
281,20209.78,14644.37,2447.41,88451.45
282,21901.23,12073.68,2889.97,87232.12
283,9229.19,2175.88,1182.59,34655.77
284,31022.61,7876.3,1560.1,122661.9
285,6617.4,11318.81,2107.26,48599.48
286,25951.91,3581.6,4886.13,87577.55
287,29419.01,8311.28,2325.39,111299.75
288,17894.36,2597.66,2928.16,48718.41
289,31587.5,3414.41,1784.39,104755.58
290,6372.51,9144.62,3443.12,52649.08
291,6680.67,4388.88,2122.73,25506.24
292,42017.03,12215.74,1827.97,136812.35
293,21208.58,14410.37,3066.29,80253.55
294,10717.72,16410.56,1022.02,46383.68
295,28500.95,5602.7,1030.66,86574.61
296,39649.71,5014.69,1876.28,123704.22
297,14711.95,3882.22,1146.89,36476.95
298,33030.07,13455.74,1432.1,120146.05
299,8840.64,14716.56,2355.44,58797.25
300,7325.68,2568.55,4210.34,18857.47
301,28910.96,18851.82,3288.19,131847.54
302,29328.58,2935.48,3050.67,99022.22
303,33684.35,11743.33,2173.96,130060.83
304,37674.11,14763.09,4727.01,130952.12
305,48913.34,17677.44,2588.06,183095.46
306,28233.52,14853.56,1348.37,96735.75
307,19533.04,16431.11,3468.27,93882.4
308,40783.38,8110.1,1455.35,136961.36
309,17187.45,16666.85,2380.89,83285.58
310,24753.71,3442.07,3029.65,69183.11
311,8530.54,18106.7,4496.89,46049.42
312,6140.78,11856.66,2974.19,43666.71
313,48319.18,16711.36,3809.04,162445.62
314,42619.11,10141.73,4971.27,150187.62
315,36318.84,13584.4,1525.96,116424.72
316,23402.88,11475.25,2098.93,96952.72
317,12798.24,15168.61,2578.3,50111.55
318,12039.67,3469.34,2687.31,48189.67
319,16260.93,3086.34,2644.08,60990.65
320,29715.2,6447.86,4630.44,94164.89
321,37156.82,4871.8,3856.13,126526.49
322,34708.88,17692.1,3431.62,134985.02
323,17597.03,5945.85,2237.49,57440.19
324,47968.94,19565.57,4295.16,165317.21
325,38205.36,8064.12,4820.24,109496.12
326,29945.93,5278.12,4284.79,103393.87
327,32527.43,16214.57,1006.26,106759.25
328,23882.0,13856.74,3545.61,95157.36
329,16147.89,10967.52,1204.54,62862.74
330,21018.77,11996.54,2030.43,88857.76
331,39103.07,14945.63,1238.1,137326.25
332,5647.71,6112.19,3415.18,24524.53
333,10223.27,19934.01,3746.36,69762.71
334,7070.12,19546.28,1457.95,54609.34
335,6832.8,13705.86,2535.36,45486.43
336,43495.73,5591.76,2824.95,144979.98
337,36664.6,14244.11,2476.21,117242.35
338,26337.82,3299.57,1484.1,92272.75
339,9402.54,2551.75,2675.79,39497.83
340,27122.71,6638.29,4004.71,83161.09
341,26306.23,10327.21,1284.03,92610.72
342,12794.08,17628.91,1320.72,65092.89
343,24523.32,15089.04,2419.09,96068.1
344,22932.71,15368.72,4766.9,97573.26
345,32713.25,9658.88,3674.29,128778.88
346,33579.21,8226.83,3714.68,125752.88
347,7038.68,8678.7,2447.68,22235.74
348,21857.57,19777.69,3374.64,103147.26
349,33163.7,2721.97,1040.52,117383.65
350,27641.13,17606.57,3544.38,114973.52
351,43542.04,12416.16,4653.15,162486.74
352,34641.21,9895.08,3450.29,140614.1
353,12332.05,15054.64,4494.79,72062.6
354,8175.59,10760.04,3895.89,45107.86
355,33908.87,17721.62,1482.23,139501.04
356,6193.01,18212.63,4609.81,49651.76
357,31359.9,9590.98,1265.78,109338.09
358,47310.36,6982.9,3135.87,150459.22
359,30896.34,12662.31,1568.55,128100.89
360,22467.65,18422.54,1046.83,87375.89
361,33947.97,5791.92,2688.14,127199.54
362,25621.38,13213.4,2180.16,102772.96
363,29552.76,13368.08,2944.0,96189.34
364,47365.92,15196.03,3308.8,170222.7
365,22374.62,4368.22,1174.96,53263.4
366,48253.58,14884.85,1492.01,174089.1
367,45740.78,18362.59,3234.57,175235.82
368,13810.6,5234.3,2372.67,44546.03
369,8121.26,6275.78,3916.69,36971.27
370,9535.01,19485.11,3609.17,79178.85
371,5819.98,5257.59,4382.42,22480.07
372,9249.93,17378.93,3769.97,45114.09
373,35735.3,10861.0,2719.72,139673.89
374,8203.49,6450.16,3691.87,55757.52
375,19353.9,17673.5,2101.52,85659.67
376,43019.39,10015.49,2225.25,155308.66
377,6047.24,11266.71,4155.94,50534.51
378,41651.08,8466.2,2785.68,131620.54
379,17683.46,12673.12,4193.52,69303.76
380,10317.42,4943.43,4289.69,52821.0
381,36353.17,9039.47,4430.25,141683.98
382,33302.43,19449.42,4666.54,137043.5
383,44486.24,6646.4,2723.94,135992.15
384,38078.2,13821.26,2275.47,155974.84
385,41156.64,7853.42,3328.79,131604.74
386,17691.56,15922.52,2484.69,74849.43
387,12984.78,4355.73,3404.3,50613.46
388,38777.66,19456.78,3822.34,162970.92
389,41307.56,10168.21,3753.62,149591.56
390,49572.73,6248.91,2498.21,163489.32
391,23567.8,3322.94,1667.44,81154.42
392,21740.81,5055.64,2722.12,74602.1
393,39938.58,11355.93,1570.38,143216.22
394,20336.16,8066.06,4560.39,50092.16
395,46884.08,16919.9,2383.51,164257.77
396,43628.57,9755.98,1617.84,148741.82
397,24304.73,6476.86,1101.79,71670.23
398,38789.2,13108.61,3583.29,141685.39
399,38954.43,14721.99,3547.61,138675.37
400,9640.57,5006.75,2362.42,55167.8
401,45614.88,5017.15,1286.85,160743.99
402,27736.36,2660.09,2638.52,83860.42
403,42190.59,15255.24,2244.87,149068.69
404,19402.23,13948.48,3708.48,80244.17
405,45298.55,10543.36,3423.12,148905.66
406,22514.08,17195.07,2458.37,96514.28
407,5487.69,16502.06,1871.57,34569.12
408,45742.19,12536.38,4952.14,147201.06
409,9107.9,17628.88,2816.01,61402.14
410,19369.11,5705.14,3753.1,74836.89
411,47752.79,4014.55,1562.21,142018.14
412,47777.32,6855.49,2942.36,164039.93
413,30804.7,3027.56,1110.15,91194.74
414,33432.67,11561.05,3021.82,121682.15
415,25180.05,18858.9,4856.07,114459.98
416,18194.48,2708.18,2536.83,59578.0
417,19789.9,4197.98,1155.98,70792.07
418,35263.33,10139.58,1123.82,116396.97
419,38856.85,18809.75,2551.95,144096.48
420,40621.06,7690.81,1640.1,132160.85
421,40532.82,11130.23,1093.41,131374.73
422,9104.27,2748.31,4024.85,31679.96
423,27248.91,4670.18,2834.09,74682.86
424,7590.14,19759.34,2156.98,48576.38
425,29728.8,19372.14,4600.33,117696.02
426,24868.87,2088.92,1464.56,75910.47
427,44946.69,19132.61,4823.68,163535.85
428,20791.18,13504.16,2255.87,83140.07
429,10268.02,17622.53,4553.61,64309.08
430,11434.63,10185.32,3411.77,60032.93
431,39267.98,11280.73,4306.83,130380.8
432,32819.81,10799.24,4936.05,105094.31
433,9550.52,14003.56,2153.62,40313.27
434,8784.81,4513.72,4844.54,30675.25
435,36543.61,2539.52,2557.93,111199.86
436,8274.34,7542.74,2542.05,29708.19
437,41983.7,14684.25,2361.55,136197.08
438,36780.9,5633.36,3165.63,115814.35
439,8660.7,14121.78,1616.58,49787.33
440,8817.7,19458.42,3214.85,63198.45
441,49398.78,3690.21,3166.82,149740.83
442,21842.19,14106.84,4047.61,84580.66
443,21678.9,9987.5,4334.6,72918.27
444,41575.98,17626.56,2761.77,152234.27
445,47626.19,5188.7,2209.33,143282.0
446,49370.05,14467.27,2037.34,176561.0
447,38902.02,17086.08,1778.5,125365.77
448,21931.68,19003.06,1230.59,91318.63
449,8757.53,14298.46,2369.79,51916.25
450,39971.61,10949.15,2080.99,139217.4
451,30128.19,13121.25,4865.67,139429.62
452,24089.99,17640.29,3230.84,103843.83
453,45785.95,12270.98,2389.11,146918.33
454,10003.89,2546.97,3321.87,34538.42
455,27168.13,18757.08,1556.79,92655.94
456,5510.91,14411.48,2776.17,38732.04
457,26089.73,14177.24,3504.94,92956.96
458,7533.65,5882.15,2955.59,42055.87
459,10346.81,13859.94,2607.12,47638.5
460,10288.68,9089.56,4975.39,45820.42
461,34214.46,13722.19,4521.26,119131.72
462,38572.02,3918.67,3493.62,140729.39
463,31251.59,13841.22,3277.51,112942.93
464,48297.76,19989.45,3482.64,194944.35
465,21869.18,2867.82,1805.25,78953.41
466,17857.04,19589.14,2580.55,89065.77
467,44086.96,9324.34,1157.84,150513.64
468,15061.81,17673.56,2902.18,77084.83
469,48345.01,16082.94,3172.1,151468.76
470,5546.95,12206.29,1911.0,33116.95
471,48644.55,15292.09,4856.12,179751.42
472,6942.2,17813.28,4637.82,49376.46
473,45101.44,9274.53,3888.57,137108.5
474,28746.55,7886.6,3133.55,99112.28
475,49683.42,14016.68,4479.88,189356.28
476,8320.85,16541.23,1522.61,63004.62
477,29923.44,15721.13,4162.04,114812.99
478,48618.61,16360.65,1499.28,180660.94
479,28539.4,9840.5,4176.84,98802.3
480,33322.94,16721.02,2103.07,109063.17
481,36308.69,4163.76,4508.36,108181.23
482,25454.35,11800.8,4776.17,112081.22
483,33240.11,2103.66,1595.18,100933.48
484,31294.14,7842.54,2850.7,104637.74
485,45552.11,8596.31,4923.95,149014.39
486,7045.09,9131.11,2933.63,55340.12
487,17643.34,14518.41,4454.19,93194.32
488,47768.52,8994.05,3354.93,180661.9
489,45061.87,10076.49,2501.32,149960.55
490,25504.55,6275.79,2143.13,89955.14
491,32905.97,8718.53,1812.89,97535.72
492,17482.15,6090.85,4047.19,78375.66
493,13465.45,3317.53,2546.16,34967.93
494,25866.43,12862.07,3045.1,100582.7
495,20900.85,14027.83,2969.3,74255.92
496,31264.53,13150.83,3309.12,109285.73
497,8498.06,10342.89,4462.31,34867.05
498,48847.77,8836.14,4922.96,156180.25
499,49379.48,17540.01,2630.34,170372.4
500,36417.28,11343.47,4310.08,122939.4
501,29124.34,10625.27,4058.11,113673.32
502,18928.74,2461.56,3294.12,51076.99
503,41620.78,8142.46,4824.19,141693.54
504,35812.9,8843.52,1801.9,133784.52
505,12317.76,9178.81,1437.06,46308.06
506,45991.72,12443.1,4415.85,151668.55
507,42014.18,11604.85,2756.6,142522.87
508,47741.0,12942.29,4387.88,176627.63
509,37657.38,15767.9,4572.36,140851.25
510,32603.68,16633.74,1249.83,118074.42
511,23820.94,14926.22,4533.86,100957.85
512,46972.78,19199.43,2793.28,160091.2
513,43972.88,2328.19,3041.73,143745.39
514,7034.84,5524.0,3506.37,35229.78
515,6186.51,2136.13,4705.53,21038.41
516,21940.85,13654.54,1076.46,78456.73
517,41474.9,18164.55,2907.37,144258.4
518,49427.43,6382.68,3750.89,165079.93
519,11768.76,18686.62,3890.83,77571.43
520,31735.88,3084.81,3770.13,95346.84
521,22140.09,18819.85,1537.74,100002.78
522,48646.15,8329.21,2197.58,138660.78
523,42895.35,3825.57,2434.86,129795.66
524,42724.79,10745.69,4217.75,146091.19
525,26091.19,6621.98,2115.04,80167.23
526,23666.88,7127.71,1842.82,73248.55
527,17303.32,7531.22,4829.79,58943.89
528,7536.9,16454.47,1035.45,50732.06
529,43912.51,11704.9,4991.28,149917.23
530,41580.55,7603.54,3707.29,115618.29
531,49987.3,12986.01,4313.88,150390.85
532,49848.66,14890.71,2178.48,166902.63
533,29994.43,6907.23,1057.26,105449.63
534,39604.43,9443.88,3951.48,107479.8
535,47514.46,4193.95,4336.58,146005.29
536,43234.13,5260.69,3961.9,134311.9
537,16130.66,14260.12,1571.4,84451.24
538,25274.49,5265.89,4013.71,81878.94
539,10812.17,11452.94,4075.69,55483.65
540,47932.3,14762.83,3634.16,169170.8
541,32277.86,3923.78,4064.46,83445.82
542,15288.93,12211.62,4383.69,74058.14
543,35226.53,6618.13,3454.42,119487.96
544,32815.77,19332.68,1354.42,133206.23
545,21117.32,10703.82,2950.51,120145.32
546,10110.09,16507.87,1310.6,34906.25
547,35220.79,11904.08,2630.17,142080.54
548,28413.85,2781.43,2628.43,87853.43
549,39754.33,13396.72,1264.04,142863.38
550,28407.36,19125.26,2395.28,114652.49
551,43348.17,12829.01,1443.99,145767.66
552,29835.81,16745.4,4232.94,111043.67
553,30242.21,17915.72,4790.75,123290.67
554,44449.41,6105.44,1289.27,127979.29
555,23156.73,5816.81,4820.46,88111.43
556,11030.69,12997.66,3090.31,49971.77
557,6295.22,9398.51,2198.26,22781.86
558,38981.18,17117.5,1307.45,138773.39
559,32913.93,18200.42,3002.5,140115.16
560,36683.59,8361.58,4178.06,119328.82
561,14583.39,6263.67,3828.35,58644.39
562,11136.72,16049.46,1200.9,50775.24
563,5654.51,6946.51,1291.61,35608.32
564,20776.44,16807.06,2611.49,95700.73
565,31546.3,9627.29,2181.16,128656.5
566,22650.98,14015.9,1929.54,88185.92
567,24686.37,3719.64,2124.02,87387.13
568,45687.14,13229.47,4213.93,159993.27
569,20671.5,10131.82,4716.91,92529.4
570,28129.53,12558.95,2620.41,97348.9
571,40264.39,5024.26,4624.44,138091.83
572,22844.43,15263.73,2285.98,90624.9
573,32993.9,17530.35,2905.75,126088.22
574,43806.37,5901.32,1904.12,142140.67
575,47728.43,3722.86,3561.9,153072.93
576,11618.31,2425.49,4915.92,39788.83
577,46696.44,13555.49,3413.97,164276.67
578,27145.23,12927.69,2431.26,117824.04
579,16621.0,11840.55,3591.27,79273.96
580,25661.11,6175.05,1491.68,95683.29
581,49101.47,9036.31,4554.64,158580.8
582,27167.81,12700.57,3012.34,93168.05
583,19793.82,10941.8,2797.4,86745.87
584,33503.04,19780.14,3343.46,140611.53
585,15806.55,4455.92,3499.14,70579.81
586,8413.85,14512.6,1287.1,41614.19
587,10799.59,9277.74,3730.47,45885.13
588,10762.06,9707.59,1967.73,31436.59
589,11835.62,14916.76,3855.81,55885.19
590,11247.22,14463.85,4290.14,67548.21
591,33839.36,19842.61,4215.83,128724.96
592,13184.6,4311.1,3210.0,54030.25
593,20555.03,3873.97,3080.68,67111.35
594,45355.48,15038.1,1571.5,162649.91
595,26328.27,12410.96,4101.38,88175.03
596,35040.1,6934.89,2085.64,117417.55
597,12754.39,3429.55,2986.78,14989.53
598,13653.01,3541.85,2137.1,45471.39
599,6839.09,18095.44,1535.31,32123.35
600,12602.08,5453.61,3518.23,59805.72
601,17536.57,7820.69,1217.33,72723.48
602,12965.47,6079.82,3994.58,54680.14
603,8991.61,8389.93,2270.35,55904.96
604,10428.61,3249.63,1000.54,27171.38
605,25735.04,11343.08,3044.52,113215.63
606,14285.02,3217.03,1187.41,57596.23
607,21392.14,16406.42,2104.68,87472.84
608,27653.78,6206.82,3827.91,105541.73
609,36067.77,11720.21,1250.76,115346.07
610,6769.05,17841.42,4357.35,41002.81
611,40973.47,13715.79,1015.28,137915.84
612,33255.52,11593.24,1987.3,112860.29
613,8679.16,7838.01,3963.62,29210.73
614,44311.04,7994.03,2265.08,158287.54
615,46439.26,14050.77,1407.57,158509.18
616,7748.51,19894.51,2440.94,57832.81
617,17459.49,13913.11,2081.57,68585.41
618,41279.06,12040.1,4370.85,125876.72
619,38671.69,15151.71,2253.39,142569.9
620,13303.45,10373.7,4155.73,38426.22
621,14420.72,3082.56,4567.49,49483.4
622,21671.24,12121.34,2735.27,70880.21
623,26803.53,19237.26,4639.77,131459.12
624,32821.46,5155.45,2509.27,116565.82
625,21601.11,14420.09,4856.31,89919.16
626,25814.06,5616.81,1357.16,99183.04
627,38636.19,11644.9,3748.08,126786.8
628,6650.74,3740.18,2975.26,32484.91
629,16359.66,10106.68,2550.6,67512.4
630,37100.73,15610.94,3530.85,139124.23
631,45284.31,8256.29,3815.43,162868.62
632,28025.48,13968.41,1017.45,112862.7
633,28945.11,16318.1,1667.81,115033.62
634,9822.74,18689.2,3852.18,42879.24
635,25133.56,6223.56,3665.54,76968.33
636,28967.78,9187.69,4864.19,101889.88
637,15911.17,4743.49,4044.15,57804.54
638,17115.95,19864.7,4803.09,72244.41
639,21977.79,18686.02,3810.16,119984.25
640,5903.2,11719.23,2192.21,51548.49
641,19493.56,17156.6,1421.46,90947.49
642,14515.16,11377.24,4127.3,63395.36
643,19737.38,13224.54,3576.6,78715.16
644,10389.3,3604.24,1192.74,27651.45
645,45073.73,15594.87,2440.2,160608.4
646,31711.66,4298.84,4827.2,106574.37
647,35559.6,16869.22,3001.6,121065.82
648,40512.71,16076.51,2730.92,150360.12
649,27429.9,14757.4,2830.8,104288.61
650,8911.41,2650.89,1835.53,12550.25
651,29169.79,7456.31,2474.83,91327.4
652,31407.85,6736.03,2479.25,101431.16
653,38544.78,8482.46,1209.42,147839.62
654,24424.68,3577.57,4070.27,86241.06
655,10741.11,18865.24,2666.02,48499.38
656,17769.92,11968.44,4288.72,78267.14
657,21338.7,7499.44,4401.39,61992.92
658,34066.28,9145.67,1847.98,127668.25
659,30685.02,10049.65,3629.41,104232.99
660,21024.35,12810.7,2889.13,82797.3
661,49393.19,11282.23,4520.63,180621.2
662,32259.87,18549.06,1862.96,112663.04
663,15675.21,10945.34,3711.25,51328.08
664,9580.21,19858.84,3431.01,54408.4
665,11878.66,17325.65,2181.21,73098.85
666,16068.1,5753.19,1546.4,42413.82
667,12230.66,18750.71,3606.56,38299.77
668,13395.52,4094.6,3954.39,43794.07
669,17829.28,16714.09,2262.51,85207.64
670,12801.81,8851.22,3579.33,65474.54
671,45354.44,17803.54,2580.52,159427.28
672,8610.52,17625.02,3852.83,50081.24
673,28603.01,16506.66,1796.86,123006.46
674,23467.86,16220.55,4560.86,78317.42
675,49207.04,7484.22,2149.64,156037.06
676,10041.75,3456.55,2471.14,38449.88
677,22903.5,9253.64,1232.37,87699.33
678,48626.17,5123.44,1446.05,149188.63
679,43947.82,14509.12,3063.45,155483.28
680,41768.24,8229.8,2070.37,113801.33
681,16605.63,19560.98,4341.92,74746.84
682,12689.94,13537.5,1058.77,63440.54
683,35088.94,16804.65,2516.38,121909.04
684,46821.92,4385.44,2349.38,148808.45
685,30054.33,17516.26,1077.31,121444.76
686,30722.57,18609.63,1497.47,117405.4
687,17599.06,10767.11,2654.57,71979.77
688,39627.18,12912.55,2971.46,130108.77
689,13416.97,15766.58,2617.16,63143.25
690,19565.57,5147.1,3123.75,74081.4
691,24144.64,11046.19,3380.53,92263.2
692,27842.47,9175.93,1039.7,91945.84
693,15908.44,4634.73,2856.38,58347.77
694,10167.66,8615.62,4854.0,52999.51
695,32477.9,3227.1,3076.13,83313.0
696,17988.37,2464.61,3710.17,71107.85
697,31155.72,4432.99,2247.46,97877.83
698,11946.32,19336.07,4095.97,71145.95
699,26651.3,11891.53,4091.69,111809.51
700,28966.52,19384.8,3085.18,103802.61
701,7332.06,9784.96,4904.06,32031.24
702,20147.19,7612.69,1502.2,69726.22
703,11048.66,11110.55,1067.79,42508.16
704,7851.87,9911.21,4080.63,57812.11
705,49548.21,3901.96,4228.62,148044.16
706,19505.92,13534.87,1480.83,74005.01
707,41444.35,5888.69,2062.33,136241.14
708,16458.83,13152.58,1070.21,57618.97
709,35667.62,13703.62,2173.23,124688.1
710,39210.25,4736.45,4092.57,129956.24
711,31803.74,3104.29,3071.84,98274.97
712,26220.93,16053.71,2392.38,103005.68
713,23532.84,10276.41,2486.96,81963.29
714,20699.07,3046.95,1005.41,52025.64
715,46828.81,19907.59,2199.2,174663.35
716,42377.87,3040.05,3585.83,151035.93
717,48426.21,14510.63,4896.78,169676.98
718,10593.38,19706.22,4388.24,65786.23
719,37889.04,6305.24,1094.38,130599.4
720,47225.32,4560.49,4594.24,138120.51
721,13155.49,4184.93,4132.79,64835.41
722,7992.33,7458.95,4121.5,39249.45
723,38350.43,3818.82,2831.98,138514.08
724,30851.29,14458.9,2592.02,108207.9
725,42882.29,3121.25,2211.66,152615.19
726,11289.76,11169.6,1262.78,59006.62
727,40787.03,19940.54,1912.94,158758.77
728,14073.23,16651.46,1986.41,70530.33
729,12364.52,13073.95,2936.31,55687.35
730,12391.96,7512.57,3989.78,62444.94
731,41655.86,13230.13,2895.24,147663.99
732,34933.87,11486.75,1231.38,102976.73
733,28537.94,9669.5,4831.16,91361.79
734,21147.37,4352.79,4770.9,70498.29
735,44474.02,17958.88,4140.76,165530.75
736,22660.03,10096.12,4965.31,85041.04
737,41746.97,5503.21,3177.93,147274.4
738,24761.07,8619.67,4851.07,70127.23
739,21962.5,9454.34,1302.42,82156.1
740,25820.59,16895.68,2462.72,85856.86
741,18562.0,15205.06,1901.53,87041.48
742,38642.42,15847.49,1783.33,139645.57
743,27622.42,2198.56,1563.21,91142.8
744,15449.57,9490.77,3489.65,53690.86
745,45480.86,10664.19,4125.29,167296.16
746,22275.1,2345.46,3313.19,82417.33
747,29459.88,6676.64,1587.85,105023.97
748,45791.24,15685.22,4244.5,161728.63
749,33090.71,4467.97,3543.82,113544.57
750,10260.41,11635.58,2552.66,42442.0
751,47292.45,5873.63,3696.52,161091.61
752,33246.86,2218.17,2039.62,120582.45
753,20070.75,6341.63,2380.77,81621.19
754,11267.24,19565.73,4669.94,58189.26
755,40731.13,16427.67,2162.02,151530.08
756,32903.27,19272.38,2879.95,116126.94
757,29005.75,10781.37,4560.56,111193.49
758,45225.17,3975.25,3830.89,148059.86
759,40486.87,11863.27,1248.81,121181.76
760,11825.37,10178.79,1589.21,39921.06
761,19027.49,17198.43,1031.37,80564.41
762,16182.01,3765.49,3523.69,52947.51
763,38477.58,10788.34,2790.69,120915.83
764,6508.96,4700.88,1537.1,31236.54
765,30645.04,7844.17,4831.74,108631.98
766,39310.64,15272.43,3118.64,140457.19
767,44454.45,10568.33,1967.57,142641.71
768,20393.68,8765.99,3002.41,86318.3
769,41956.58,9100.57,3718.48,157933.91
770,9978.43,10270.04,1304.96,41157.22
771,43090.35,16130.3,2098.82,148394.24
772,10736.99,18057.52,4227.86,66323.26
773,22877.93,19196.02,2838.66,95266.86
774,40878.29,16164.26,3186.31,147080.44
775,11746.28,7677.32,2731.26,55516.98
776,15316.31,14386.42,1175.6,49022.8
777,37501.37,9876.86,1663.0,141333.92
778,37401.64,6584.07,2782.17,124198.92
779,33851.64,17135.69,1836.74,124061.89
780,36227.68,2691.67,1199.92,112428.16
781,29422.6,18231.72,4374.6,117426.97
782,16330.96,10306.59,4924.77,49603.14
783,20556.32,13469.63,4172.57,98909.07
784,13171.9,13868.37,4415.14,62939.08
785,45880.28,18112.12,1967.91,170223.0
786,31252.63,13460.05,4842.51,125884.72
787,23038.31,13050.8,1787.7,79373.36
788,25790.26,3199.74,4805.72,89307.97
789,47627.75,11331.34,4979.28,159693.49
790,11900.81,4703.04,3846.89,53148.14
791,31380.34,15273.81,4924.57,98241.75
792,27764.99,11219.99,3278.16,100773.09
793,32515.44,14244.1,2038.17,113903.35
794,5814.96,2750.11,2747.98,27266.66
795,44245.58,3526.26,3374.24,144413.69
796,46945.32,14893.82,1292.33,156746.6
797,30430.99,3297.52,3489.37,90862.2
798,36349.29,3282.62,4924.71,115327.5
799,46512.47,2217.95,1760.43,134778.13
800,36825.74,19217.03,4170.38,149807.79
801,11864.26,15275.15,4631.6,57129.23
802,30932.98,8358.53,4774.81,78654.26
803,32302.18,7337.64,4840.54,106585.05
804,24085.88,8294.66,3085.84,75857.11
805,38139.99,15943.76,4909.23,124477.47
806,47046.52,13904.67,4029.24,151636.92
807,46650.58,5333.52,1646.69,149869.45
808,25287.77,5133.97,2907.6,98304.47
809,10095.71,3771.12,3873.32,41012.31
810,49317.85,13885.45,1989.36,163711.37
811,42750.41,15758.71,3562.46,158229.57
812,10609.82,6770.84,3666.4,39228.02
813,46437.88,2377.01,1650.8,136758.55
814,44145.34,3479.09,3260.34,127741.2
815,28347.71,19421.48,4086.51,98700.32
816,31607.39,7318.01,2995.58,103397.74
817,22955.12,15846.02,1048.41,94739.13
818,7464.27,13243.94,1036.15,41810.56
819,20083.88,8874.91,2428.12,70618.4
820,41128.41,5702.37,4704.78,124833.71
821,5208.44,4184.96,1914.71,28942.58
822,20007.46,13070.23,3537.45,68225.13
823,22917.59,15943.41,1888.3,101372.31
824,29182.8,13590.28,2286.68,99054.99
825,46393.5,11545.44,4392.17,151170.39
826,20585.57,2755.12,3915.45,53179.26
827,20612.89,19432.8,1381.6,86664.65
828,38187.56,16376.86,2714.81,150238.5
829,25349.81,7270.8,1116.68,92670.25
830,15107.22,19639.47,2923.56,86026.87
831,25359.78,12833.87,3649.74,102376.44
832,11338.57,12483.61,1474.01,42441.43
833,12937.41,15465.32,2155.54,59780.09
834,27426.55,16611.86,2591.35,100691.12
835,23851.65,13816.61,4678.12,107924.67
836,46168.07,4305.72,4973.02,135481.41
837,21307.73,8088.82,1179.65,85583.22
838,31126.48,18705.51,4044.03,132389.26
839,33451.89,6043.08,2486.9,128959.94
840,5589.25,8699.01,2569.83,27004.31
841,34859.18,9777.38,4017.06,128375.36
842,13011.62,9909.29,4673.71,79052.17
843,48248.16,13032.91,4803.71,160519.28
844,11689.82,18975.37,3308.49,49836.36
845,23658.09,6332.47,2428.48,62887.11
846,8840.74,4187.02,4150.2,42004.97
847,49859.34,5554.47,2004.01,140080.23
848,27598.78,17964.65,3256.3,107648.27
849,31792.33,13624.59,2434.31,121404.16
850,8018.44,7146.32,3626.52,38439.82
851,38748.22,16687.04,1961.6,146510.47
852,14445.75,17504.66,1766.37,72700.32
853,45412.44,17237.26,4672.96,177218.35
854,14231.28,18540.68,1407.21,61685.3
855,13580.95,6540.34,3023.83,45295.32
856,6644.74,15590.75,1883.41,36535.46
857,26243.01,10289.71,1155.72,103043.37
858,30417.85,17155.97,1144.08,126563.53
859,7956.89,15112.83,1700.89,51902.61
860,39898.74,15976.05,4467.08,157728.77
861,25398.0,13810.91,2129.91,86194.91
862,28597.56,5193.72,4801.84,112656.42
863,24834.32,11810.48,3326.49,109114.31
864,23034.34,19724.06,2746.46,107418.56
865,30183.81,18872.99,3320.36,138339.08
866,11985.81,2777.13,3066.79,25090.29
867,13186.77,4966.67,4035.11,43783.39
868,43780.35,4371.12,2129.98,131609.69
869,47575.2,15067.64,2412.2,173747.95
870,21798.92,16720.14,4576.38,82263.75
871,17183.51,5843.2,4785.83,70283.2
872,33979.98,11105.35,4570.23,134588.44
873,23393.04,17132.65,2677.79,104169.02
874,6142.39,15190.43,4121.46,46111.06
875,12026.87,11760.27,2905.34,45294.95
876,37218.75,12626.26,2990.16,123622.21
877,34651.58,11150.49,1818.72,134086.02
878,6219.32,7355.87,3364.52,39167.52
879,14988.75,12170.4,1744.54,63703.92
880,15398.37,14399.94,2326.26,64779.05
881,35235.17,17719.81,4420.12,114237.21
882,5886.97,13453.24,1828.3,28046.4
883,9684.89,15700.19,1284.63,72361.46
884,40996.22,4881.29,1276.03,118144.05
885,13034.51,10308.03,4763.14,58841.94
886,34373.57,2167.97,3027.68,117960.94
887,15718.23,6440.22,2637.65,45584.62
888,9474.86,15076.31,4243.51,55007.9
889,15942.75,19852.58,4343.3,89157.93
890,37502.01,3785.21,2328.76,119473.22
891,43506.34,9226.9,3774.47,174930.64
892,42359.89,16401.28,4084.49,137037.84
893,22873.26,5672.64,3618.6,89525.33
894,35063.83,11991.53,1606.38,122253.96
895,14224.29,15195.28,4503.53,75436.76
896,18191.65,13087.74,3156.38,80197.82
897,45335.11,5384.45,2129.89,137815.39
898,5585.09,8396.92,2700.91,32991.07
899,8847.88,16108.25,1150.28,32702.14
900,14354.88,11976.08,1511.47,67816.97
901,6193.95,2094.13,4062.19,26735.72
902,13164.59,15697.83,1000.05,69927.14
903,31236.87,2635.6,2666.26,109578.32
904,23964.1,15423.21,3090.04,100248.33
905,45170.23,5644.65,1218.54,146067.83
906,41784.96,19245.32,4892.31,147858.33
907,20381.78,8622.93,1904.5,67909.78
908,16674.05,7884.77,2216.79,74825.05
909,22086.16,4679.98,2215.77,88749.69
910,31563.27,7500.88,1921.67,104520.86
911,17062.86,17779.71,1005.9,78821.12
912,33086.7,19934.02,3917.38,122073.68
913,23423.52,8629.57,4867.38,97376.17
914,29842.12,10074.99,1897.17,112241.6
915,24625.69,14997.28,3652.19,117611.26
916,18250.96,17951.52,3967.59,74880.72
917,47680.4,12674.8,4393.7,160470.17
918,39362.26,9047.46,2690.52,135317.69
919,11305.09,9427.19,2211.72,55626.81
920,44081.06,14521.13,2301.18,153018.79
921,26934.4,2057.93,3850.49,77085.73
922,45254.85,13152.61,4267.12,166441.1
923,40993.49,8398.87,1726.46,143653.36
924,24134.61,16295.55,2483.76,88926.29
925,6011.12,3673.83,4607.76,39402.41
926,17090.48,12587.64,4226.77,83968.27
927,29373.54,10657.51,4939.43,107919.56
928,33506.52,13561.86,4016.99,123666.82
929,16604.95,3167.36,2572.78,61392.86
930,11271.02,12439.71,3362.55,45536.87
931,42571.86,12106.72,3644.06,147998.0
932,49298.1,12091.88,1313.82,145165.19
933,28656.06,12862.78,3177.99,115615.9
934,12725.57,14176.42,3837.28,45745.05
935,17253.83,16489.8,1669.29,92365.03
936,5827.58,6856.77,4122.53,26527.96
937,46143.45,16850.89,3335.09,163257.56
938,10298.8,10968.6,4808.89,43476.41
939,30943.24,3387.05,1169.69,95614.75
940,17332.48,3053.92,2061.3,71794.28
941,29938.01,8016.29,3406.22,78663.49
942,34313.92,16128.15,2186.24,140996.76
943,42338.38,14738.26,3857.7,154431.61
944,14288.96,16195.07,4036.02,57107.28
945,5494.81,11310.84,1410.06,23402.6
946,11159.85,9923.58,3055.42,66656.56
947,45500.84,4654.15,3035.56,135546.46
948,44325.05,7907.47,2477.12,134541.41
949,31883.59,9812.35,4731.7,124108.29
950,32023.26,3594.81,4310.03,107002.54
951,34926.65,5971.02,3788.84,106251.64
952,12891.71,12768.06,3857.31,61922.12
953,46148.54,15241.94,2846.86,152474.43
954,23844.67,19970.26,4683.98,114839.6
955,22241.23,18796.04,3778.38,107420.65
956,28351.3,13566.17,3915.92,112681.18
957,7113.47,9582.46,4446.76,41554.09
958,12482.75,13451.19,2096.29,76285.06
959,38211.51,16141.73,4228.28,140958.13
960,8725.94,4130.05,1780.96,21444.63
961,32141.84,9378.29,2381.37,116178.38
962,16040.71,17116.44,2342.44,95828.48
963,22518.3,8908.99,4914.1,73227.84
964,17991.22,12293.7,4426.15,71012.66
965,21005.27,12579.85,3804.68,87952.39
966,37357.07,5320.57,3908.23,121467.13
967,18370.48,8520.24,3248.29,59692.91
968,30488.21,8021.2,4788.36,117109.19
969,26422.27,2471.54,2985.04,107667.05
970,34865.2,2435.45,2522.07,111471.12
971,47157.34,16970.55,1652.14,158713.23
972,37965.74,6915.27,4144.82,110852.93
973,14672.32,11325.42,3937.78,65553.74
974,6403.24,7377.06,2537.42,42582.79
975,16801.88,18932.23,1100.77,84106.05
976,31778.51,6667.34,4355.99,107490.5
977,7314.16,9733.82,1045.67,31173.33
978,27336.48,17709.14,3814.8,99558.91
979,31857.93,17154.8,4881.03,132094.02
980,20040.98,5349.83,2750.65,78660.73
981,39691.05,16447.58,1939.89,129257.17
982,9796.92,10247.36,3819.48,62569.93
983,8381.2,10693.44,4268.51,49058.73
984,37768.49,4402.64,3185.72,135498.24
985,27297.11,3450.83,4868.14,76080.37
986,35978.11,15102.91,1206.67,117533.79
987,24567.23,10936.3,3019.18,90126.04
988,16088.09,9863.31,3873.82,70023.99
989,41859.6,15131.15,4450.56,168464.41
990,40973.71,15779.23,1717.02,154509.27
991,36261.34,4860.35,4200.01,115747.74
992,17246.53,12984.05,3210.83,62557.39
993,31560.38,4436.37,2586.21,114928.81
994,21243.83,15524.75,1526.86,78134.99
995,9121.19,13825.19,4461.18,66616.63
996,46279.11,19219.06,1629.09,165636.62
997,11156.84,3241.24,2239.15,55357.78
998,47760.68,3026.98,2160.18,155691.91
999,25070.26,7079.37,4485.66,86702.71
